CUSTOMER_ID,EMAIL,FIRSTNAME,LASTNAME,GENDER,BIRTHDATE,CREDITS
1,jmorgans0@census.gov,Jesselyn,Morgans,Non-binary,13/03/1997,57.27
2,bkalaher1@example.com,Bary,Kalaher,Genderfluid,16/03/1958,40.13
3,ctytherton2@fema.gov,Cara,Tytherton,Agender,01/05/1979,42.82
4,hcamplin3@nationalgeographic.com,Herta,Camplin,Polygender,10/02/1963,59.6
5,spaterson4@mediafire.com,Sapphire,Paterson,Male,28/02/1982,76.76
6,vhedge5@nyu.edu,Vin,Hedge,Genderfluid,31/01/1956,90.6
7,lcutmere6@cyberchimps.com,Lila,Cutmere,Female,26/06/1980,48.25
8,bcallendar7@hao123.com,Bronnie,Callendar,Genderqueer,13/04/1953,4.1
9,dcollelton8@patch.com,Diana,Collelton,Polygender,25/07/1980,86.68
10,jkedge9@fotki.com,Justinian,Kedge,Polygender,27/10/1995,20.74
11,sdewhursta@barnesandnoble.com,Spense,Dewhurst,Genderfluid,15/08/1968,5.81
12,fhlavecekb@sfgate.com,Flossie,Hlavecek,Genderqueer,09/07/1970,31.06
13,ademalcharc@studiopress.com,Aldo,De Malchar,Polygender,14/09/1971,87.11
14,mearied@smh.com.au,Marty,Earie,Polygender,18/11/1976,23.73
15,echisholme@google.com.au,Elliott,Chisholm,Male,18/04/1985,25.22
16,mskethf@blog.com,Marcellus,Sketh,Non-binary,20/05/1971,76.82
17,wboardg@devhub.com,Wayland,Board,Female,21/02/1973,46.13
18,gattewillh@phoca.cz,Gwendolyn,Attewill,Agender,28/07/1959,61.23
19,adendlei@live.com,Adela,Dendle,Non-binary,17/02/1977,84.71
20,mdeningtonj@prlog.org,Mariette,Denington,Agender,30/12/1983,29.1
21,fcraigmylek@japanpost.jp,Fleurette,Craigmyle,Genderfluid,22/04/1990,76.69
22,ablackhaml@webeden.co.uk,Arlette,Blackham,Bigender,18/07/1983,30.75
23,sjoynerm@canalblog.com,Shalne,Joyner,Genderqueer,04/03/1987,80.97
24,jtatumn@ucla.edu,Julee,Tatum,Female,21/05/1956,36.79
25,msnalumo@boston.com,Merrick,Snalum,Polygender,15/10/1954,66.09
26,apownallp@gnu.org,Aldrich,Pownall,Polygender,26/04/1971,14.2
27,oscowcroftq@foxnews.com,Oswald,Scowcroft,Genderqueer,08/07/1987,88.95
28,whammelbergr@imdb.com,Will,Hammelberg,Agender,04/12/1998,84.83
29,acopess@chronoengine.com,Anatole,Copes,Agender,12/06/1961,60.42
30,gmettst@ning.com,Geri,Metts,Non-binary,17/07/1967,78.99
31,avinkeru@howstuffworks.com,Abby,Vinker,Female,23/05/1964,24.47
32,amcaulayv@bandcamp.com,Arabella,McAulay,Female,06/02/1960,72.17
33,uforsythw@illinois.edu,Ulick,Forsyth,Bigender,05/06/1971,29.26
34,eskimx@psu.edu,Ewell,Skim,Non-binary,13/12/1973,59.23
35,kkrolly@ed.gov,Keary,Kroll,Agender,07/03/1983,65.07
36,vtreadgoldz@hexun.com,Verla,Treadgold,Male,07/10/1968,66.95
37,mloiseau10@forbes.com,Mendel,L'oiseau,Female,26/10/1965,30.53
38,mbeames11@alibaba.com,Maxi,Beames,Non-binary,12/06/1980,80.74
39,wstedman12@quantcast.com,Wyn,Stedman,Bigender,03/10/1978,86.37
40,tartharg13@phpbb.com,Tory,Artharg,Polygender,07/04/1964,51.85
41,jborless14@sitemeter.com,Jedd,Borless,Female,14/06/1993,14.24
42,jmcniven15@icio.us,Janek,McNiven,Polygender,09/01/1959,92.47
43,acampes16@ted.com,Ax,Campes,Female,27/04/1986,29.2
44,pgasquoine17@admin.ch,Peter,Gasquoine,Male,12/04/1962,5.6
45,ebengochea18@csmonitor.com,Erinna,Bengochea,Non-binary,16/02/1964,22.47
46,jdoumerque19@bloglines.com,Jacenta,Doumerque,Genderfluid,22/06/1983,34.16
47,rmouatt1a@archive.org,Raul,Mouatt,Genderfluid,25/07/1961,21.05
48,lfey1b@elegantthemes.com,Lonna,Fey,Female,29/03/1991,93.96
49,ssarton1c@canalblog.com,Steffi,Sarton,Non-binary,18/08/1992,6.04
50,scrush1d@meetup.com,Sada,Crush,Agender,24/01/1973,39.89
51,lduckers1e@g.co,Ly,Duckers,Non-binary,27/05/1953,14.87
52,emccormack1f@hibu.com,Eliza,McCormack,Polygender,08/07/1962,52.53
53,llievesley1g@sfgate.com,Leann,Lievesley,Male,31/05/1963,94.95
54,htewes1h@imdb.com,Hortense,Tewes,Bigender,11/07/1976,59.43
55,vklimov1i@adobe.com,Vinnie,Klimov,Male,29/05/1971,21.58
56,lmico1j@slate.com,Levi,Mico,Female,17/01/1980,59.08
57,bturney1k@businesswire.com,Bryna,Turney,Male,02/11/1988,19.05
58,cmilmith1l@nhs.uk,Carmen,Milmith,Genderfluid,03/03/1960,93.15
59,twalklett1m@delicious.com,Teresita,Walklett,Female,19/10/1983,20.6
60,aomullaney1n@blogspot.com,Abdul,O'Mullaney,Genderqueer,27/01/1959,60.25
61,grouf1o@home.pl,Garnette,Rouf,Agender,02/10/1975,64.0
62,tcaldow1p@wufoo.com,Titos,Caldow,Genderqueer,18/01/1968,29.15
63,ntroak1q@mozilla.com,Naoma,Troak,Female,31/05/1950,75.68
64,aquarless1r@ebay.co.uk,Alix,Quarless,Female,27/04/1962,63.19
65,lbwy1s@gnu.org,Lancelot,Bwy,Male,10/11/1979,61.79
66,hson1t@taobao.com,Hercules,Son,Male,21/08/1990,22.33
67,dphilo1u@techcrunch.com,Donnajean,Philo,Female,11/05/1981,60.38
68,hpattle1v@google.pl,Hasty,Pattle,Bigender,29/05/1980,68.54
69,kspillett1w@drupal.org,Kean,Spillett,Female,05/11/1973,88.25
70,gpessel1x@shinystat.com,Glenine,Pessel,Non-binary,22/01/1965,18.29
71,anisius1y@icq.com,Austin,Nisius,Genderqueer,24/12/1956,26.58
72,tpettie1z@imageshack.us,Ted,Pettie,Genderfluid,17/02/1966,89.97
73,thards20@barnesandnoble.com,Terencio,Hards,Genderqueer,26/09/1985,12.31
74,etrippick21@technorati.com,Estelle,Trippick,Non-binary,02/12/1968,51.93
75,hygou22@mlb.com,Hermina,Ygou,Genderqueer,27/06/1993,92.7
76,rtorrijos23@taobao.com,Rozanna,Torrijos,Genderqueer,17/02/1983,15.03
77,fwerny24@shareasale.com,Franni,Werny,Agender,09/11/1989,75.77
78,mmordin25@symantec.com,Melvin,Mordin,Male,11/10/1977,12.99
79,mlayus26@tamu.edu,Mac,Layus,Polygender,10/04/1977,62.64
80,jcopperwaite27@instagram.com,Juieta,Copperwaite,Male,05/12/1955,59.9
81,fstrattan28@oakley.com,Fancie,Strattan,Bigender,29/02/1988,83.43
82,ehaldane29@msn.com,Ernestine,Haldane,Genderfluid,08/08/1972,58.92
83,flikly2a@friendfeed.com,Fulvia,Likly,Agender,03/08/1975,18.39
84,hcansfield2b@indiegogo.com,Huey,Cansfield,Agender,08/07/1956,48.46
85,jvasnetsov2c@auda.org.au,Jourdain,Vasnetsov,Male,02/01/1978,19.96
86,gjouhandeau2d@weather.com,Guthry,Jouhandeau,Polygender,20/08/1960,85.65
87,earran2e@networksolutions.com,Elbert,Arran,Agender,07/04/1985,46.6
88,gpionter2f@angelfire.com,Gwenni,Pionter,Genderqueer,29/10/1980,37.59
89,dscamal2g@google.co.jp,Domeniga,Scamal,Bigender,27/05/1994,66.37
90,vsquibbs2h@go.com,Vivi,Squibbs,Agender,06/05/1951,17.26
91,jburgot2i@wufoo.com,Josie,Burgot,Female,12/10/1964,51.32
92,sboller2j@telegraph.co.uk,Selene,Boller,Male,22/09/1966,87.69
93,llaborda2k@yandex.ru,Loleta,Laborda,Female,20/12/1979,47.23
94,kaddenbrooke2l@go.com,Kathye,Addenbrooke,Female,08/02/1982,58.03
95,hdommersen2m@mapquest.com,Hagan,Dommersen,Female,13/01/1993,30.64
96,mdurston2n@boston.com,Merv,Durston,Genderqueer,07/07/1965,13.01
97,cguihen2o@nasa.gov,Cloris,Guihen,Genderqueer,29/05/1972,38.91
98,jdriver2p@imdb.com,Jarib,Driver,Polygender,31/01/1960,24.6
99,fhordell2q@bing.com,Filberto,Hordell,Bigender,19/07/1988,35.29
100,lwaumsley2r@surveymonkey.com,Lilian,Waumsley,Genderqueer,11/02/1985,71.15
101,ahinstridge2s@wikimedia.org,Augusto,Hinstridge,Polygender,18/02/1977,38.91
102,crickerd2t@a8.net,Cissy,Rickerd,Non-binary,14/07/1985,24.83
103,jsprowle2u@yolasite.com,Janifer,Sprowle,Female,18/01/1984,8.06
104,acornehl2v@about.me,Aleece,Cornehl,Agender,26/05/1957,29.81
105,jjanas2w@ibm.com,Joella,Janas,Bigender,21/06/1975,18.75
106,tklaaassen2x@washingtonpost.com,Tandie,Klaaassen,Genderfluid,21/06/1986,86.87
107,hmidgley2y@plala.or.jp,Hanson,Midgley,Genderqueer,25/03/1986,88.88
108,jpuckham2z@unblog.fr,Jeni,Puckham,Polygender,16/12/1968,27.08
109,tfellgett30@wix.com,Thurston,Fellgett,Female,03/09/1960,53.33
110,amacleese31@usda.gov,Andie,MacLeese,Male,02/10/1979,62.87
111,cjeanet32@unesco.org,Claudina,Jeanet,Non-binary,23/05/1970,68.34
112,sgirardetti33@unesco.org,Stevena,Girardetti,Male,01/03/1961,40.31
113,jdyball34@latimes.com,Jaime,Dyball,Genderqueer,09/07/1988,79.37
114,crowth35@booking.com,Cullan,Rowth,Bigender,15/11/1978,74.59
115,gelgram36@nytimes.com,Georgina,Elgram,Genderqueer,19/09/1972,33.01
116,mraynes37@hostgator.com,Mikey,Raynes,Genderqueer,29/01/1988,27.65
117,dhowell38@is.gd,Diane,Howell,Bigender,11/02/1956,87.2
118,gcayzer39@usgs.gov,Ginnie,Cayzer,Male,28/08/1961,88.88
119,aschimmang3a@ibm.com,Ardelia,Schimmang,Male,20/09/1984,56.12
120,egawkes3b@posterous.com,Elberta,Gawkes,Bigender,26/12/1993,97.03
121,vskedgell3c@surveymonkey.com,Vivyanne,Skedgell,Agender,20/09/1980,58.14
122,nheibel3d@yandex.ru,Nicky,Heibel,Polygender,01/11/1964,13.06
123,cklasing3e@tmall.com,Currey,Klasing,Genderfluid,06/07/1959,96.19
124,lmackett3f@aol.com,Lexie,Mackett,Polygender,03/12/1974,45.04
125,lsuttling3g@webeden.co.uk,Levin,Suttling,Non-binary,27/07/1969,44.02
126,ohachard3h@wp.com,Osborn,Hachard,Bigender,28/02/1953,97.87
127,lbligh3i@narod.ru,Lilllie,Bligh,Non-binary,01/07/1966,82.54
128,rlambertini3j@cpanel.net,Ringo,Lambertini,Polygender,25/05/1986,60.71
129,alestor3k@java.com,Amy,Lestor,Female,29/12/1977,59.52
130,sgrindlay3l@taobao.com,Seward,Grindlay,Bigender,27/01/1993,98.36
131,ahamsley3m@google.cn,Atlante,Hamsley,Female,06/05/1999,68.12
132,podowne3n@symantec.com,Petrina,O'Downe,Polygender,07/06/1956,79.78
133,gfielden3o@cafepress.com,Gill,Fielden,Genderqueer,06/06/1975,78.72
134,pcamilletti3p@washingtonpost.com,Paten,Camilletti,Female,25/10/1981,3.72
135,kdrust3q@timesonline.co.uk,Kalina,Drust,Bigender,06/06/1966,31.33
136,wbuckhurst3r@house.gov,Wilek,Buckhurst,Male,24/09/1965,34.5
137,gbignal3s@amazonaws.com,Georgette,Bignal,Male,06/10/1983,81.28
138,mmarkwell3t@engadget.com,Mill,Markwell,Genderqueer,27/12/1950,54.7
139,ajuggings3u@redcross.org,Ashli,Juggings,Non-binary,25/07/1997,86.6
140,ehowle3v@irs.gov,Eudora,Howle,Genderfluid,20/03/1973,45.79
141,kcomini3w@house.gov,Karine,Comini,Bigender,05/03/1990,71.6
142,bcoppard3x@theatlantic.com,Bunny,Coppard,Female,21/07/1967,74.55
143,rdow3y@ox.ac.uk,Raleigh,Dow,Bigender,09/09/1952,44.22
144,cwoodhall3z@artisteer.com,Chere,Woodhall,Genderfluid,29/11/1974,5.08
145,jeichmann40@mit.edu,Jasmin,Eichmann,Male,21/04/1955,70.49
146,pknee41@businesswire.com,Parker,Knee,Genderqueer,21/06/1956,59.08
147,lbulteel42@usda.gov,Lyndsey,Bulteel,Genderqueer,20/02/1993,4.66
148,tdomenget43@yandex.ru,Theodore,Domenget,Female,07/11/1958,93.78
149,sburnham44@storify.com,Selby,Burnham,Genderfluid,09/05/1959,82.82
150,cwoollard45@xinhuanet.com,Cordelie,Woollard,Genderqueer,03/03/1977,58.71
151,furwen46@hc360.com,Farleigh,Urwen,Genderqueer,21/11/1971,38.3
152,nperkinson47@angelfire.com,Newton,Perkinson,Agender,04/08/1955,49.72
153,bmussilli48@discovery.com,Bronny,Mussilli,Agender,18/07/1977,23.6
154,bgookes49@kickstarter.com,Bertina,Gookes,Bigender,06/02/1966,73.16
155,xchiese4a@ebay.co.uk,Xever,Chiese,Non-binary,25/07/1972,79.08
156,mmacconneely4b@google.ru,Morty,MacConneely,Polygender,05/05/1987,38.26
157,gconechie4c@usnews.com,Giovanna,Conechie,Agender,04/12/1995,26.58
158,pduckhouse4d@fotki.com,Pieter,Duckhouse,Polygender,11/11/1995,24.55
159,gblockey4e@apache.org,Gardie,Blockey,Bigender,15/11/1954,3.86
160,bchaffyn4f@vistaprint.com,Budd,Chaffyn,Female,26/02/1974,88.39
161,rtivenan4g@tinyurl.com,Rosemarie,Tivenan,Polygender,28/06/1983,85.5
162,sdulieu4h@bloglines.com,Selie,Dulieu,Non-binary,22/06/1955,32.81
163,rcaws4i@cnet.com,Reginald,Caws,Polygender,11/06/1970,23.04
164,cgodehardsf4j@fema.gov,Coralie,Godehard.sf,Polygender,09/07/1993,47.39
165,iprester4k@squidoo.com,Ilsa,Prester,Genderfluid,27/03/1959,81.32
166,lokeevan4l@usda.gov,Lorenza,O'Keevan,Genderfluid,28/08/1966,41.31
167,hvidler4m@merriam-webster.com,Hershel,Vidler,Agender,03/11/1957,78.51
168,seadington4n@infoseek.co.jp,Sid,Eadington,Agender,09/01/1974,19.13
169,ejobes4o@hp.com,Ermin,Jobes,Non-binary,06/06/1989,76.89
170,jfernanando4p@nasa.gov,Jayme,Fernanando,Non-binary,14/04/1987,20.69
171,iparchment4q@lulu.com,Idelle,Parchment,Bigender,10/09/1974,57.87
172,bamesbury4r@jimdo.com,Binny,Amesbury,Male,25/10/1959,44.08
173,mperegrine4s@tinyurl.com,Marilee,Peregrine,Non-binary,06/02/1962,18.76
174,awhartonby4t@123-reg.co.uk,Alexandre,Whartonby,Genderqueer,17/07/1977,70.38
175,sholt4u@yelp.com,Saunderson,Holt,Polygender,31/05/1983,85.13
176,ggerbel4v@tmall.com,Gracie,Gerbel,Genderqueer,16/11/1959,51.63
177,azanicchelli4w@studiopress.com,Anastassia,Zanicchelli,Polygender,24/01/1964,12.23
178,tvine4x@people.com.cn,Thomas,Vine,Agender,25/04/1990,47.4
179,eyesson4y@list-manage.com,Eula,Yesson,Genderfluid,13/10/1993,82.38
180,hgodlee4z@yale.edu,Hynda,Godlee,Polygender,06/12/1975,66.06
181,rgirard50@vinaora.com,Ramona,Girard,Polygender,14/05/1968,21.92
182,asaffran51@blogtalkradio.com,Annadiana,Saffran,Genderqueer,27/11/1966,76.52
183,bsedgeworth52@ucoz.com,Brianna,Sedgeworth,Male,19/01/1965,51.52
184,wdrescher53@phoca.cz,Willette,Drescher,Male,22/03/1955,4.24
185,gblaisdale54@un.org,Genny,Blaisdale,Polygender,15/08/1963,12.09
186,ldunridge55@godaddy.com,Leann,Dunridge,Bigender,09/04/1951,24.76
187,ssummerlee56@amazonaws.com,Seward,Summerlee,Bigender,23/12/1972,97.56
188,mcrowdace57@delicious.com,Merill,Crowdace,Female,29/01/1983,1.99
189,mgarbutt58@washington.edu,Maddy,Garbutt,Genderfluid,26/12/1991,63.71
190,bgarrad59@tamu.edu,Byrann,Garrad,Female,05/07/1977,50.21
191,tgravenell5a@hexun.com,Tobi,Gravenell,Female,19/03/1959,72.48
192,ktweddle5b@wordpress.com,Kattie,Tweddle,Male,26/07/1992,70.91
193,pmcgairl5c@mapquest.com,Petr,McGairl,Non-binary,16/05/1983,2.22
194,nelstub5d@comcast.net,Neill,Elstub,Non-binary,04/05/1987,75.91
195,aellerton5e@mtv.com,Aleen,Ellerton,Genderqueer,03/06/1992,64.65
196,sbalham5f@baidu.com,Sinclair,Balham,Agender,24/10/1981,51.53
197,edefreyne5g@bloomberg.com,Elnore,De Freyne,Female,01/03/1953,54.29
198,jmcilmorow5h@mac.com,Jobi,McIlmorow,Male,22/04/1951,86.21
199,jgrogan5i@cisco.com,Joane,Grogan,Genderfluid,24/04/1960,80.89
200,kklassmann5j@zimbio.com,Keir,Klassmann,Bigender,19/05/1998,16.48
201,preightley5k@geocities.jp,Philbert,Reightley,Agender,19/05/1968,75.82
202,ksholem5l@go.com,Katey,Sholem,Non-binary,10/01/1952,32.67
203,ssurgeon5m@shutterfly.com,Spencer,Surgeon,Polygender,21/04/1987,41.34
204,hmerigon5n@flavors.me,Hedwiga,Merigon,Polygender,21/05/1962,11.46
205,bewer5o@seesaa.net,Bonnibelle,Ewer,Female,24/02/2000,47.51
206,psutworth5p@about.me,Prentiss,Sutworth,Genderfluid,07/04/1978,91.09
207,wmagnay5q@google.es,Wallie,Magnay,Male,07/04/1973,25.1
208,dlorinez5r@comcast.net,Doroteya,Lorinez,Agender,23/09/1998,68.33
209,drediers5s@infoseek.co.jp,Dido,Rediers,Male,04/01/1957,77.04
210,hpritty5t@blogs.com,Herta,Pritty,Polygender,25/03/1964,93.05
211,aflanaghan5u@shinystat.com,Alexandros,Flanaghan,Polygender,04/02/1971,89.1
212,reltun5v@jiathis.com,Ram,Eltun,Non-binary,05/03/1979,63.09
213,cpinke5w@cbsnews.com,Caron,Pinke,Male,12/12/1993,13.42
214,lfittall5x@cocolog-nifty.com,Leanora,Fittall,Non-binary,30/04/1997,50.68
215,kskyme5y@berkeley.edu,Kendal,Skyme,Bigender,28/12/1955,76.22
216,cpritty5z@irs.gov,Christa,Pritty,Bigender,28/11/1954,20.25
217,gkeizman60@sphinn.com,Georgeanna,Keizman,Male,23/07/1972,36.11
218,lserot61@blogtalkradio.com,Lillis,Serot,Male,22/12/1985,24.82
219,gpigott62@ucoz.com,Gill,Pigott,Genderfluid,14/04/1995,86.15
220,ehindrich63@csmonitor.com,Evelyn,Hindrich,Bigender,10/06/1984,40.62
221,hleithgoe64@gnu.org,Hart,Leithgoe,Agender,14/10/1994,33.78
222,kstoltz65@buzzfeed.com,Kennie,Stoltz,Male,09/06/1952,56.25
223,iocorrin66@google.com.hk,Ike,O'Corrin,Bigender,19/04/1982,3.34
224,aeagles67@unicef.org,Alric,Eagles,Genderqueer,26/05/1979,80.33
225,dgamble68@illinois.edu,Desiri,Gamble,Non-binary,25/12/1990,10.47
226,csibbons69@fda.gov,Carolynn,Sibbons,Female,14/11/1956,41.06
227,btedder6a@biglobe.ne.jp,Brittan,Tedder,Female,15/11/1996,17.58
228,dmityushin6b@cbslocal.com,Dewie,Mityushin,Agender,16/03/1987,17.78
229,sgumm6c@cocolog-nifty.com,Sigismond,Gumm,Non-binary,02/09/1980,88.08
230,mkares6d@boston.com,Mandi,Kares,Male,09/03/1999,81.7
231,mbabbs6e@prnewswire.com,Madelon,Babbs,Genderfluid,19/06/1982,85.37
232,ngrima6f@walmart.com,Nolan,Grima,Agender,30/11/1991,90.5
233,wthompson6g@newsvine.com,Winonah,Thompson,Non-binary,25/10/1996,45.16
234,lbasillon6h@soup.io,Luz,Basillon,Agender,28/12/1954,47.32
235,ktolomei6i@studiopress.com,Kinnie,Tolomei,Female,13/10/1998,53.88
236,lscreeton6j@cnet.com,Lazarus,Screeton,Non-binary,24/01/1960,3.09
237,mbest6k@t-online.de,Maryann,Best,Polygender,15/12/1950,79.27
238,bmacgarvey6l@cmu.edu,Bartholemy,MacGarvey,Genderfluid,24/07/1990,78.03
239,gelie6m@cbc.ca,Gwen,Elie,Genderqueer,09/09/1996,92.86
240,tcosyns6n@mit.edu,Timmie,Cosyns,Female,08/09/1953,33.14
241,sembleton6o@phoca.cz,Sherwin,Embleton,Polygender,25/11/1994,3.6
242,csucre6p@latimes.com,Claus,Sucre,Genderqueer,04/07/1951,98.25
243,djoel6q@freewebs.com,Danna,Joel,Female,05/08/1980,39.18
244,amchardy6r@ning.com,Amie,McHardy,Female,14/03/1972,35.32
245,kshellsheere6s@bloglines.com,Kennith,Shellsheere,Male,29/08/1997,12.67
246,lshitliffe6t@xrea.com,Lurlene,Shitliffe,Bigender,11/04/1961,41.95
247,klangeley6u@businessinsider.com,Krissie,Langeley,Bigender,02/08/1967,58.73
248,edrogan6v@reverbnation.com,Elvin,Drogan,Genderqueer,19/08/1962,87.81
249,wsollon6w@vk.com,Wiatt,Sollon,Genderqueer,15/10/1977,62.63
250,bingolotti6x@tumblr.com,Brandea,Ingolotti,Male,09/04/1971,5.31
251,dproback6y@usatoday.com,Dorey,Proback,Male,29/07/1967,64.26
252,csphinxe6z@com.com,Cristi,Sphinxe,Polygender,12/02/1996,38.7
253,gmatuszynski70@deliciousdays.com,Giselbert,Matuszynski,Genderfluid,10/07/1999,22.3
254,sleprovost71@diigo.com,Shawn,Le Provost,Genderqueer,14/12/1972,15.58
255,frous72@netlog.com,Fraser,Rous,Genderfluid,06/01/1975,93.99
256,lrozec73@paginegialle.it,Loella,Rozec,Polygender,29/04/1966,57.73
257,pboichat74@redcross.org,Phylys,Boichat,Polygender,18/01/1984,91.82
258,hscrogges75@army.mil,Harrie,Scrogges,Agender,31/10/1998,6.23
259,eforrestor76@google.co.uk,Evered,Forrestor,Female,31/05/1986,55.0
260,njoontjes77@java.com,Nahum,Joontjes,Male,13/05/1968,33.0
261,lsleath78@epa.gov,Laurel,Sleath,Male,15/01/1985,5.97
262,mbluck79@comcast.net,Marie-ann,Bluck,Bigender,24/01/1951,69.82
263,mmacairt7a@spotify.com,Mervin,MacAirt,Female,14/07/1990,1.76
264,afores7b@google.nl,Ailey,Fores,Bigender,08/08/1955,92.01
265,sgilleon7c@youtu.be,Simone,Gilleon,Genderfluid,08/08/1988,70.12
266,mpannaman7d@cisco.com,Mikael,Pannaman,Female,10/10/1993,51.2
267,abartelli7e@bizjournals.com,Aleksandr,Bartelli,Genderqueer,09/06/1983,28.59
268,hlamberti7f@wordpress.com,Hercules,Lamberti,Male,20/06/1993,76.55
269,mblakeden7g@mlb.com,Maurise,Blakeden,Male,14/03/1964,13.41
270,sslater7h@digg.com,Sansone,Slater,Genderfluid,02/06/1966,29.08
271,davrahm7i@umich.edu,Dot,Avrahm,Genderfluid,19/03/1963,56.66
272,cdillintone7j@canalblog.com,Clayborn,Dillintone,Polygender,08/02/1952,98.06
273,snelsen7k@bizjournals.com,Sonni,Nelsen,Non-binary,11/06/1977,46.88
274,lquiney7l@seattletimes.com,Lars,Quiney,Non-binary,05/06/1950,69.89
275,gputtan7m@rambler.ru,Gillian,Puttan,Male,02/01/1994,34.78
276,tskiplorne7n@apache.org,Truda,Skiplorne,Non-binary,27/11/1985,6.21
277,bcurbishley7o@deviantart.com,Base,Curbishley,Polygender,04/03/1986,94.24
278,cmunt7p@squidoo.com,Cacilie,Munt,Genderfluid,20/06/1976,83.87
279,wgovenlock7q@freewebs.com,West,Govenlock,Bigender,15/08/1959,60.25
280,blamyman7r@reddit.com,Bevin,Lamyman,Genderqueer,06/04/1991,19.83
281,jjeandon7s@tiny.cc,Jolie,Jeandon,Non-binary,06/03/1984,80.17
282,mbraisher7t@microsoft.com,Malissia,Braisher,Female,03/07/1977,70.17
283,adownie7u@constantcontact.com,Ashien,Downie,Female,09/10/1963,7.38
284,mbernardt7v@cargocollective.com,Mallory,Bernardt,Male,18/01/1963,20.05
285,ldrewett7w@deliciousdays.com,Laurena,Drewett,Male,26/09/1966,93.85
286,asheerin7x@cocolog-nifty.com,Allen,Sheerin,Polygender,26/03/1977,36.03
287,mpresley7y@geocities.com,Monte,Presley,Non-binary,24/11/1969,53.27
288,gfaussett7z@mac.com,Gideon,Faussett,Genderfluid,20/12/1990,14.29
289,gkingscote80@linkedin.com,Gabie,Kingscote,Bigender,25/02/1983,21.52
290,mfolks81@tripadvisor.com,Mellisent,Folks,Non-binary,31/12/1992,42.03
291,rhazelton82@scientificamerican.com,Rana,Hazelton,Male,17/05/1978,30.81
292,dpolly83@360.cn,Darcey,Polly,Female,18/04/1991,31.98
293,ceagleton84@tamu.edu,Cecilia,Eagleton,Bigender,05/01/1966,32.85
294,dramshaw85@symantec.com,Della,Ramshaw,Genderqueer,11/02/1995,62.53
295,olawrie86@abc.net.au,Olav,Lawrie,Genderfluid,28/10/1950,81.36
296,hollerhad87@nyu.edu,Hubey,Ollerhad,Male,11/05/1999,81.31
297,ngilding88@a8.net,Nessy,Gilding,Male,01/04/1996,67.26
298,fvinck89@youku.com,Fredelia,Vinck,Genderfluid,03/06/1968,98.13
299,jgremane8a@omniture.com,Jeannine,Gremane,Genderfluid,27/07/1951,3.24
300,kfrangione8b@mozilla.org,Kala,Frangione,Genderfluid,07/03/1979,46.81
301,dsidney8c@jugem.jp,Demott,Sidney,Agender,18/05/1987,67.9
302,sclementson8d@symantec.com,Shea,Clementson,Non-binary,11/02/1975,28.35
303,scaldairou8e@webeden.co.uk,Stephana,Caldairou,Male,13/09/1994,90.54
304,laitchinson8f@netvibes.com,Lettie,Aitchinson,Non-binary,21/06/1981,45.86
305,ktydd8g@cmu.edu,Kara-lynn,Tydd,Male,29/04/1995,7.27
306,hudy8h@miitbeian.gov.cn,Helge,Udy,Genderfluid,13/02/1960,36.09
307,ngiroldo8i@chron.com,Nikolai,Giroldo,Polygender,02/10/1957,21.99
308,wbarrick8j@studiopress.com,Whit,Barrick,Genderqueer,28/02/1952,50.87
309,ebeisley8k@digg.com,Ezequiel,Beisley,Non-binary,29/10/1991,49.92
310,tmansbridge8l@ehow.com,Toby,Mansbridge,Polygender,19/08/1954,2.89
311,nstendell8m@webnode.com,Noemi,Stendell,Polygender,05/08/1952,35.69
312,tstave8n@irs.gov,Tatiana,Stave,Polygender,19/08/1956,58.08
313,adewdney8o@dot.gov,Alano,Dewdney,Non-binary,27/12/1998,2.24
314,vtace8p@soup.io,Vinnie,Tace,Genderqueer,06/04/1988,59.09
315,lslessar8q@usa.gov,Leland,Slessar,Bigender,11/08/1977,5.06
316,bnurcombe8r@slashdot.org,Britt,Nurcombe,Non-binary,26/05/1969,21.01
317,irettie8s@narod.ru,Ira,Rettie,Polygender,05/01/1984,18.95
318,bhaliburton8t@paypal.com,Bank,Haliburton,Genderfluid,19/01/1980,96.42
319,vdurrett8u@blogspot.com,Velvet,Durrett,Genderqueer,10/11/1978,11.34
320,esanchis8v@dion.ne.jp,Emmeline,Sanchis,Bigender,22/02/1973,99.88
321,mhaxell8w@sitemeter.com,Marquita,Haxell,Non-binary,14/12/1969,82.99
322,lsergean8x@nationalgeographic.com,Lita,Sergean,Non-binary,17/06/1952,57.03
323,ydake8y@multiply.com,Ynez,Dake,Non-binary,25/12/1955,20.26
324,gbriddle8z@google.co.uk,Gerome,Briddle,Bigender,21/12/1990,55.77
325,abountiff90@reddit.com,Adan,Bountiff,Non-binary,20/02/1972,6.87
326,sorchart91@oracle.com,Stacia,Orchart,Polygender,02/03/1956,86.41
327,cstanman92@mit.edu,Cyrill,Stanman,Genderfluid,27/02/1959,85.41
328,gshark93@mit.edu,Godiva,Shark,Non-binary,12/04/1992,46.82
329,mgutowska94@nhs.uk,Mikael,Gutowska,Agender,30/08/1977,85.17
330,zhuortic95@wufoo.com,Zsazsa,Huortic,Genderfluid,28/06/1960,39.93
331,emcilwraith96@163.com,Ethelind,McIlwraith,Polygender,12/08/1963,16.85
332,eslesser97@yolasite.com,Eustace,Slesser,Genderfluid,14/01/1955,69.99
333,ajoskovitch98@vinaora.com,Ardith,Joskovitch,Female,29/12/1979,42.73
334,nfullard99@amazon.de,Nani,Fullard,Female,17/06/1962,90.75
335,hlorenzetto9a@ustream.tv,Hansiain,Lorenzetto,Genderqueer,21/03/2000,95.45
336,wbellhanger9b@wikia.com,Wallis,Bellhanger,Genderfluid,07/09/1966,89.64
337,tbudgett9c@samsung.com,Tonia,Budgett,Female,09/09/1987,24.03
338,awansbury9d@altervista.org,Aeriela,Wansbury,Male,10/04/1971,86.61
339,klarkings9e@ycombinator.com,Krista,Larkings,Polygender,26/10/1982,92.22
340,rmccree9f@shutterfly.com,Raynor,McCree,Non-binary,02/05/1965,87.65
341,jdaout9g@xinhuanet.com,Jonah,Daout,Male,05/07/1957,82.66
342,hsvanini9h@apple.com,Hyacinthe,Svanini,Non-binary,27/10/1987,51.28
343,mkynsey9i@1688.com,Millicent,Kynsey,Male,10/10/1974,37.23
344,kyuryaev9j@epa.gov,Krissy,Yuryaev,Genderfluid,26/04/1973,26.88
345,lrosenzveig9k@youtube.com,Lynea,Rosenzveig,Genderqueer,02/04/2000,7.05
346,jcleaver9l@flavors.me,Josey,Cleaver,Non-binary,01/01/1985,63.98
347,rphiller9m@pen.io,Rae,Philler,Genderqueer,19/06/1980,33.78
348,mthies9n@cloudflare.com,Marwin,Thies,Bigender,25/02/1952,32.64
349,rrumgay9o@godaddy.com,Renault,Rumgay,Polygender,16/11/1957,97.17
350,akynaston9p@hostgator.com,Aguistin,Kynaston,Genderfluid,13/10/1975,56.84
351,mcuppleditch9q@sphinn.com,Merlina,Cuppleditch,Genderfluid,31/03/1986,91.92
352,astollenberg9r@seattletimes.com,Al,Stollenberg,Genderqueer,27/05/1957,11.93
353,smallall9s@vinaora.com,Scarlett,Mallall,Female,23/10/1950,42.36
354,lennew9t@google.co.jp,Lorry,Ennew,Genderqueer,13/06/1982,87.35
355,skenwright9u@php.net,Shandie,Kenwright,Female,20/05/1994,78.66
356,gmcglashan9v@jiathis.com,Giordano,McGlashan,Male,11/02/1989,6.92
357,shenze9w@meetup.com,Sauncho,Henze,Non-binary,24/02/1989,5.9
358,jhay9x@yelp.com,Jephthah,Hay,Male,22/11/1997,85.13
359,llacasa9y@state.gov,Laureen,Lacasa,Female,08/08/1957,70.68
360,tmuckloe9z@surveymonkey.com,Tony,Muckloe,Genderfluid,18/09/1976,76.37
361,whaddowa0@theglobeandmail.com,Wells,Haddow,Bigender,27/03/1960,30.77
362,tpohlinga1@slate.com,Tallie,Pohling,Male,14/11/1987,43.87
363,nsetchella2@utexas.edu,Neysa,Setchell,Male,09/08/1979,74.68
364,smcdoola3@ca.gov,Steve,McDool,Agender,19/10/1997,57.5
365,jvarseya4@oaic.gov.au,Justinn,Varsey,Genderqueer,18/09/1972,77.58
366,dsawdya5@nyu.edu,Desiri,Sawdy,Male,14/09/1962,34.53
367,jtatersalea6@walmart.com,Jenelle,Tatersale,Agender,26/02/1970,46.95
368,bveryana7@yahoo.com,Booth,Veryan,Agender,30/03/1994,11.36
369,jmiskina8@webmd.com,Jacenta,Miskin,Polygender,16/03/1970,45.91
370,cmatyugina9@zimbio.com,Clerissa,Matyugin,Genderqueer,07/01/1972,7.9
371,bfrankcomaa@dagondesign.com,Bethina,Frankcom,Non-binary,10/06/1959,54.3
372,crourkeab@privacy.gov.au,Connie,Rourke,Bigender,02/06/1996,71.58
373,ojosefsohnac@dion.ne.jp,Olympe,Josefsohn,Agender,07/08/1999,9.47
374,npackmanad@rakuten.co.jp,Nefen,Packman,Polygender,26/05/1999,39.48
375,gblakedenae@ebay.co.uk,Georgi,Blakeden,Bigender,01/05/1964,77.62
376,ibaytropaf@vk.com,Ivette,Baytrop,Polygender,16/04/1969,20.8
377,dhuertasag@businesswire.com,Derrek,Huertas,Male,24/05/1983,6.63
378,araistrickah@psu.edu,Abigael,Raistrick,Female,30/09/1980,40.21
379,tfrieai@phoca.cz,Tara,Frie,Female,27/10/1978,8.67
380,tayreeaj@ftc.gov,Tiffany,Ayree,Agender,17/06/1996,73.23
381,bpressak@sohu.com,Belva,Press,Genderfluid,22/06/1991,51.21
382,ghusselbeeal@hibu.com,Genevieve,Husselbee,Genderqueer,01/09/1955,7.1
383,livainam@answers.com,L;urette,Ivain,Genderfluid,02/11/1963,75.11
384,cmaccostoan@hao123.com,Cassandre,MacCosto,Bigender,26/03/1976,35.64
385,khonnicottao@youku.com,Karen,Honnicott,Male,02/02/1979,20.25
386,lfarneyap@europa.eu,Lucius,Farney,Genderfluid,08/10/1975,7.96
387,kbrimilcombeaq@topsy.com,Kaleena,Brimilcombe,Polygender,07/01/1990,61.68
388,fmcsporrinar@google.cn,Florance,McSporrin,Male,11/09/1983,70.82
389,hgeanyas@discovery.com,Hally,Geany,Polygender,04/12/1985,42.08
390,ahacaudat@nps.gov,Ajay,Hacaud,Genderqueer,02/05/1982,74.72
391,rbelamyau@discovery.com,Rycca,Belamy,Genderfluid,06/06/1977,77.46
392,tpantinav@com.com,Trista,Pantin,Genderfluid,22/07/1974,22.3
393,bgianuzziaw@canalblog.com,Bordie,Gianuzzi,Bigender,25/07/1972,48.95
394,cragsdallax@usda.gov,Clifford,Ragsdall,Polygender,06/01/1998,35.85
395,oousbyay@biblegateway.com,Odey,Ousby,Bigender,11/07/1955,71.05
396,sbroselaz@wordpress.com,Sapphira,Brosel,Female,06/05/1996,72.49
397,vkilvingtonb0@timesonline.co.uk,Velma,Kilvington,Non-binary,08/03/1984,30.95
398,cdenesb1@usnews.com,Charmian,Denes,Bigender,17/05/1997,47.48
399,roconnollyb2@cdbaby.com,Rafe,O'Connolly,Female,06/03/1953,75.82
400,cchandlarb3@blogs.com,Chas,Chandlar,Female,01/05/2000,63.06
401,gtabbittb4@webmd.com,Granger,Tabbitt,Agender,17/10/1965,33.25
402,svollethb5@stanford.edu,Shirleen,Volleth,Female,05/01/1966,98.34
403,smcterlaghb6@odnoklassniki.ru,Shae,McTerlagh,Polygender,04/10/1981,80.5
404,emackowleb7@w3.org,Edgardo,MacKowle,Male,17/02/1988,92.51
405,jlubeb8@earthlink.net,Jeana,Lube,Non-binary,23/03/1973,26.23
406,broutleyb9@noaa.gov,Berthe,Routley,Non-binary,23/06/1979,20.2
407,fridouttba@rediff.com,Fletch,Ridoutt,Genderfluid,20/12/1958,58.09
408,cwiginbb@smugmug.com,Caresse,Wigin,Female,01/08/1953,4.14
409,gcrankhornbc@loc.gov,Gretta,Crankhorn,Agender,14/01/1960,76.34
410,msoutherellbd@usda.gov,Millard,Southerell,Male,01/05/1989,55.74
411,goaklandbe@stanford.edu,Gretal,Oakland,Genderqueer,07/04/1967,43.14
412,mcheasmanbf@blogger.com,Maure,Cheasman,Male,28/02/1961,67.95
413,mstockportbg@harvard.edu,Michaeline,Stockport,Genderqueer,08/06/1977,55.65
414,mturesbh@studiopress.com,Mathias,Tures,Genderfluid,04/10/1986,18.1
415,msouthallbi@nydailynews.com,Myriam,Southall,Polygender,22/02/1984,72.12
416,jbonhommebj@unesco.org,Jude,Bonhomme,Bigender,06/08/1961,93.41
417,bpoppletonbk@nsw.gov.au,Bonnee,Poppleton,Female,31/12/1976,57.3
418,gpeltzbl@skype.com,Germana,Peltz,Genderqueer,27/02/1952,55.69
419,fcapronbm@npr.org,Florri,Capron,Bigender,08/06/1990,11.48
420,icotelardbn@weather.com,Ichabod,Cotelard,Non-binary,18/01/1975,57.92
421,hshaybo@symantec.com,Hilda,Shay,Bigender,12/02/1986,86.74
422,kreubenbp@paginegialle.it,Kaitlynn,Reuben,Non-binary,09/08/1985,45.14
423,pbalffyebq@ebay.co.uk,Percival,Balffye,Male,19/04/1989,93.26
424,mpelcheurbr@google.com,Marlane,Pelcheur,Genderqueer,14/11/1962,96.21
425,llabbeybs@i2i.jp,Lois,Labbey,Genderfluid,10/01/1994,31.71
426,mwattbt@nyu.edu,Mabel,Watt,Genderqueer,13/11/1971,81.75
427,jcubuzzibu@cbc.ca,Jaquelin,Cubuzzi,Non-binary,08/07/1976,86.24
428,wridesbv@technorati.com,Winnie,Rides,Non-binary,18/09/1988,30.49
429,ftrevettbw@nytimes.com,Fulvia,Trevett,Non-binary,12/04/1970,55.93
430,dpetrellibx@va.gov,Darice,Petrelli,Non-binary,20/05/1969,13.01
431,apattlelby@google.pl,Andriana,Pattlel,Male,31/05/1972,17.82
432,hbrenstuhlbz@blog.com,Herminia,Brenstuhl,Bigender,10/08/1951,3.31
433,klerigoc0@ft.com,Kellina,Lerigo,Polygender,21/12/1982,10.62
434,lnivenc1@people.com.cn,Lurline,Niven,Female,19/03/1996,56.89
435,jpancastc2@msn.com,Joshia,Pancast,Agender,12/10/1970,26.31
436,scragoec3@addthis.com,Stormie,Cragoe,Male,07/03/1999,51.01
437,rbolderoc4@surveymonkey.com,Robin,Boldero,Male,18/07/1970,1.97
438,cbleuec5@wix.com,Corella,Bleue,Agender,05/08/1971,92.3
439,mewestacec6@bizjournals.com,Micki,Ewestace,Bigender,24/05/1951,9.56
440,orenachowskic7@umn.edu,Oates,Renachowski,Non-binary,15/01/1982,88.87
441,sdougherc8@symantec.com,Silvie,Dougher,Genderfluid,27/03/1957,83.9
442,rdunbobinc9@trellian.com,Rodd,Dunbobin,Polygender,21/01/1981,71.99
443,alambinca@omniture.com,Adolphus,Lambin,Male,16/07/1979,96.35
444,umilamcb@marriott.com,Urban,Milam,Genderfluid,26/06/1997,57.52
445,jkybertcc@artisteer.com,Jedediah,Kybert,Female,03/05/1989,64.47
446,egluyascd@hao123.com,Eydie,Gluyas,Bigender,03/03/1991,15.99
447,tburchessce@google.com.hk,Tristam,Burchess,Genderfluid,10/01/1987,7.03
448,rgwillyamcf@mozilla.org,Ransell,Gwillyam,Polygender,08/03/1984,91.18
449,ebousquetcg@bloglines.com,Evania,Bousquet,Genderfluid,08/04/1996,95.97
450,candersch@de.vu,Cassie,Anders,Polygender,10/10/1982,18.9
451,stedderci@google.fr,Siegfried,Tedder,Non-binary,10/07/1984,35.12
452,mmargerrisoncj@rakuten.co.jp,Marina,Margerrison,Genderfluid,20/02/1955,70.27
453,cmaidensck@istockphoto.com,Carlene,Maidens,Bigender,16/03/1971,52.57
454,mstrangcl@cdbaby.com,Megan,Strang,Genderqueer,18/08/1959,12.74
455,hdouriscm@cbsnews.com,Hamlen,Douris,Genderfluid,02/10/1972,78.79
456,nswaynecn@usnews.com,Nappie,Swayne,Bigender,26/05/1953,38.28
457,cbunningco@deviantart.com,Caron,Bunning,Non-binary,11/03/1986,90.64
458,fflexmancp@arstechnica.com,Filippa,Flexman,Agender,26/02/1987,2.68
459,rjansemacq@creativecommons.org,Reese,Jansema,Male,19/02/1968,5.64
460,rhandrekcr@soup.io,Rhetta,Handrek,Non-binary,05/07/1966,57.57
461,tdallincs@theglobeandmail.com,Tabbie,Dallin,Genderqueer,13/01/2000,37.09
462,qlippinict@flavors.me,Quent,Lippini,Agender,26/08/1958,4.7
463,tbonannocu@comsenz.com,Tera,Bonanno,Polygender,11/05/1989,52.85
464,amarchellocv@tmall.com,Ailsun,Marchello,Female,29/04/1958,87.87
465,bbesnardeaucw@howstuffworks.com,Breanne,Besnardeau,Female,18/08/1982,17.41
466,kgallicocx@imageshack.us,Kristal,Gallico,Non-binary,19/10/1967,71.84
467,kgladdishcy@youtu.be,Kippie,Gladdish,Agender,26/05/1971,75.13
468,tgoubliercz@guardian.co.uk,Trina,Goublier,Female,08/02/1999,81.38
469,cbrunkerd0@360.cn,Chere,Brunker,Bigender,26/07/1959,85.61
470,ffloundersd1@ocn.ne.jp,Francoise,Flounders,Polygender,19/08/1999,45.0
471,iflatted2@dell.com,Isadore,Flatte,Female,26/03/1982,31.89
472,blateyd3@sina.com.cn,Blinnie,Latey,Female,08/07/1951,51.27
473,rjovovicd4@scientificamerican.com,Richart,Jovovic,Genderqueer,05/09/1986,7.23
474,ogroundwaterd5@youtube.com,Onfre,Groundwater,Genderqueer,02/09/1978,26.29
475,bburtond6@t-online.de,Bonny,Burton,Male,20/06/1953,86.97
476,obaylied7@live.com,Ondrea,Baylie,Polygender,15/07/1983,57.73
477,destcotd8@kickstarter.com,D'arcy,Estcot,Polygender,17/01/1972,26.12
478,ubourgetd9@seattletimes.com,Umberto,Bourget,Non-binary,26/04/1963,39.1
479,rhearlda@1688.com,Reese,Hearl,Male,15/05/1966,89.82
480,ewulfingerdb@eventbrite.com,Eilis,Wulfinger,Genderfluid,28/04/1984,67.03
481,lscamerdinedc@amazon.co.jp,Leicester,Scamerdine,Genderqueer,23/02/1963,93.13
482,bcogindd@123-reg.co.uk,Brenna,Cogin,Polygender,06/08/1975,2.52
483,dcolbornde@usgs.gov,Dudley,Colborn,Female,08/10/1969,5.64
484,fmacvaughdf@com.com,Flem,MacVaugh,Non-binary,09/10/1983,70.2
485,vgerlackdg@slideshare.net,Vaclav,Gerlack,Polygender,09/04/1962,4.81
486,lhannentdh@huffingtonpost.com,Loni,Hannent,Non-binary,05/05/1956,64.2
487,gjoseffdi@purevolume.com,Gifford,Joseff,Non-binary,04/06/1983,74.42
488,fcapeydj@ftc.gov,Freedman,Capey,Genderqueer,12/12/1990,19.48
489,ajevondk@webmd.com,Ardis,Jevon,Genderqueer,21/08/1979,90.2
490,llangthorndl@fc2.com,Lyndsie,Langthorn,Polygender,24/03/1994,67.67
491,rnealondm@scientificamerican.com,Rosemaria,Nealon,Agender,30/06/1994,63.96
492,pdudderidgedn@symantec.com,Padgett,Dudderidge,Agender,21/08/1977,39.5
493,diacobinido@gnu.org,Doe,Iacobini,Female,07/10/1992,29.37
494,aelcumdp@de.vu,Allissa,Elcum,Non-binary,03/01/1956,72.46
495,mchessondq@cnet.com,Melodee,Chesson,Bigender,20/10/1982,76.13
496,mwalldr@bbb.org,Madelina,Wall,Agender,27/01/1962,22.66
497,targabriteds@arstechnica.com,Tova,Argabrite,Agender,15/06/1993,85.53
498,cfittesdt@joomla.org,Coriss,Fittes,Bigender,28/04/1971,94.35
499,hmaddysondu@wix.com,Harlin,Maddyson,Genderqueer,22/08/1952,97.49
500,rcattrelldv@geocities.com,Rozanne,Cattrell,Genderfluid,10/04/1988,44.26
501,dbaumertdw@opera.com,Dallon,Baumert,Non-binary,16/06/1970,49.35
502,broysondx@so-net.ne.jp,Boony,Royson,Male,03/01/1959,69.72
503,bsporledy@sogou.com,Bearnard,Sporle,Bigender,17/09/1967,93.69
504,amacmenemydz@mtv.com,Antonino,MacMenemy,Female,31/01/1992,3.85
505,mwasse0@chicagotribune.com,Matthus,Wass,Polygender,03/08/1970,55.75
506,bglackene1@trellian.com,Benetta,Glacken,Bigender,13/10/1959,38.7
507,jfranschinie2@ow.ly,Jesse,Franschini,Non-binary,29/10/1967,55.57
508,abuckthoughte3@biblegateway.com,Alfy,Buckthought,Female,25/03/1971,14.08
509,rcolmane4@cbsnews.com,Raphael,Colman,Female,27/10/1980,17.22
510,emonkmane5@businessinsider.com,Elinore,Monkman,Bigender,23/05/1959,72.51
511,wduestere6@symantec.com,Wat,Duester,Genderqueer,27/12/1975,29.97
512,mmullanye7@gravatar.com,Mattie,Mullany,Female,06/04/1981,29.56
513,epenhaluricke8@trellian.com,Elizabet,Penhalurick,Genderqueer,01/04/1962,87.29
514,sbecarrae9@google.it,Shelden,Becarra,Female,19/12/1983,30.72
515,cshillitoeea@elpais.com,Charmane,Shillitoe,Agender,27/08/1995,58.65
516,lmcquineb@boston.com,Luigi,McQuin,Female,11/07/1962,72.98
517,csofeec@php.net,Cleve,Sofe,Male,13/03/1987,19.47
518,scartaned@biglobe.ne.jp,Shawn,Cartan,Female,11/01/1982,42.86
519,kfarndellee@ucoz.com,Kaja,Farndell,Bigender,08/07/1975,59.94
520,cfessionsef@alexa.com,Carolyne,Fessions,Bigender,10/07/1999,56.78
521,rgriffeeg@marriott.com,Regina,Griffe,Bigender,10/02/1985,88.96
522,egradwelleh@google.fr,Esta,Gradwell,Male,17/05/1964,74.51
523,ssapsfordeei@usda.gov,Suzann,Sapsforde,Non-binary,12/10/1996,85.35
524,lkinnonej@storify.com,Lyndell,Kinnon,Female,11/11/1958,1.6
525,tbavesterek@simplemachines.org,Tynan,Bavester,Male,26/06/1975,85.68
526,kbodenel@blogs.com,Kristal,Boden,Bigender,08/11/1978,39.47
527,jsanzioem@instagram.com,Jory,Sanzio,Genderfluid,21/05/1977,88.73
528,mluisettien@blogspot.com,Mora,Luisetti,Agender,22/12/1951,21.74
529,cmenguyeo@1688.com,Cordy,Menguy,Male,17/05/1969,55.42
530,gpuckhamep@fda.gov,Granthem,Puckham,Genderfluid,22/04/1963,76.22
531,csmedmooreq@sakura.ne.jp,Christiane,Smedmoor,Bigender,13/04/1978,32.94
532,rdanielkiewiczer@boston.com,Rosalinde,Danielkiewicz,Genderfluid,28/03/1989,90.98
533,cfernyhoughes@deliciousdays.com,Clevey,Fernyhough,Female,16/06/1963,3.96
534,hdomenicoet@hibu.com,Hillard,Domenico,Genderfluid,13/10/1976,7.9
535,pliepinseu@theguardian.com,Phil,Liepins,Genderqueer,24/02/1983,85.73
536,goggev@canalblog.com,Gui,Ogg,Female,07/11/1980,44.1
537,mstallionew@imdb.com,Modesta,Stallion,Polygender,14/01/1960,94.33
538,clawryex@thetimes.co.uk,Cissy,Lawry,Female,11/07/1970,64.33
539,dohalliganey@devhub.com,Dun,O'Halligan,Genderqueer,23/12/1956,73.51
540,ajozefowiczez@domainmarket.com,Antonino,Jozefowicz,Female,12/03/1974,30.35
541,bknollesgreenf0@un.org,Bartlet,Knolles-Green,Female,18/11/1977,89.43
542,dheppenspallf1@stumbleupon.com,Dalenna,Heppenspall,Polygender,27/01/1960,11.08
543,iallgoodf2@indiegogo.com,Ivan,Allgood,Genderfluid,02/10/1999,62.49
544,jmadginf3@bing.com,Jobye,Madgin,Non-binary,01/01/1983,80.07
545,dsindlef4@edublogs.org,Darb,Sindle,Male,02/11/1951,34.25
546,fadlardf5@dropbox.com,Fleurette,Adlard,Agender,07/02/1995,61.49
547,cbassettf6@amazon.de,Catherina,Bassett,Non-binary,06/03/1967,73.28
548,akaasf7@marketwatch.com,Ariel,Kaas,Male,07/02/1980,13.61
549,hgilfoyf8@psu.edu,Herb,Gilfoy,Agender,26/09/1990,11.11
550,ncantuaf9@twitter.com,Natividad,Cantua,Non-binary,08/03/1975,15.0
551,btownsonfa@comsenz.com,Brinna,Townson,Agender,07/12/1958,74.84
552,bkennefickfb@360.cn,Babara,Kennefick,Bigender,13/05/1984,62.86
553,rharsnipefc@bloomberg.com,Redford,Harsnipe,Female,01/01/1991,55.86
554,mborrisfd@blog.com,Millisent,Borris,Genderfluid,24/06/1960,62.83
555,fjeyesfe@google.it,Fredelia,Jeyes,Non-binary,28/07/1999,67.69
556,mreinaff@nba.com,Mickey,Reina,Bigender,26/02/1974,73.61
557,achampleyfg@sourceforge.net,Allister,Champley,Polygender,27/01/1980,21.25
558,dtertrefh@twitpic.com,Devlen,Tertre,Agender,04/09/1989,43.47
559,jblazekfi@amazon.co.jp,Jamima,Blazek,Agender,14/10/1976,20.51
560,chastwallfj@blogger.com,Colly,Hastwall,Bigender,19/06/1999,27.57
561,mwegenerfk@businessinsider.com,Miquela,Wegener,Genderfluid,23/08/1950,43.8
562,zgeggusfl@psu.edu,Zilvia,Geggus,Male,08/05/1999,15.58
563,kklugmanfm@is.gd,Kirsti,Klugman,Genderfluid,29/06/1960,36.29
564,epinorfn@deviantart.com,Emmy,Pinor,Genderfluid,11/09/1959,57.42
565,akiendlfo@ezinearticles.com,Adams,Kiendl,Polygender,24/10/1997,20.06
566,ltremouletfp@ustream.tv,Laurella,Tremoulet,Genderqueer,01/04/1974,73.48
567,ssainzfq@blogs.com,Stacy,Sainz,Genderfluid,11/03/1956,42.61
568,trobbinsfr@cloudflare.com,Torie,Robbins,Genderfluid,16/03/1985,6.19
569,srobezfs@examiner.com,Sasha,Robez,Non-binary,18/03/1976,35.14
570,ehasnipft@admin.ch,Emelda,Hasnip,Female,06/01/1972,46.49
571,adumbletonfu@sogou.com,Ariel,Dumbleton,Male,29/01/1958,52.37
572,msindallfv@addthis.com,Murial,Sindall,Non-binary,22/12/1975,90.75
573,mgarcesfw@smugmug.com,Mahalia,Garces,Polygender,13/01/1954,24.71
574,amordacaifx@cdc.gov,Andonis,Mordacai,Bigender,02/05/1981,31.2
575,hbowerbankfy@senate.gov,Hazel,Bowerbank,Genderqueer,24/11/1974,96.34
576,gduchanfz@paypal.com,Gerome,Duchan,Male,16/10/1985,86.96
577,hgwinnellg0@angelfire.com,Hector,Gwinnell,Polygender,29/07/1960,38.4
578,mrawllg1@unblog.fr,Myrna,Rawll,Male,26/06/1973,12.04
579,tborrowg2@barnesandnoble.com,Temp,Borrow,Agender,08/03/1985,80.34
580,alawleeg3@creativecommons.org,Alair,Lawlee,Non-binary,22/06/1969,61.41
581,wcorringtong4@bloglovin.com,Wanda,Corrington,Bigender,03/08/1964,26.67
582,tlambshineg5@timesonline.co.uk,Townsend,Lamb-shine,Polygender,08/01/1994,9.58
583,knieseg6@shareasale.com,Klement,Niese,Genderqueer,07/06/1977,86.74
584,rnuzzettig7@ycombinator.com,Ruby,Nuzzetti,Male,26/02/1967,85.32
585,tdarbeyg8@hexun.com,Tan,Darbey,Agender,26/03/1966,6.0
586,dbezantg9@tumblr.com,Denver,Bezant,Male,26/10/1956,44.55
587,aexrollga@dyndns.org,Adams,Exroll,Genderfluid,17/08/1973,34.69
588,ddecrucegb@a8.net,Dag,De Cruce,Polygender,06/04/1992,46.13
589,ipackgc@about.me,Irv,Pack,Agender,08/05/1974,41.65
590,kkopmanngd@europa.eu,Katharine,Kopmann,Bigender,04/09/1987,47.68
591,vbartholomewge@netscape.com,Vinita,Bartholomew,Male,11/03/1952,31.59
592,tslimangf@diigo.com,Thorn,Sliman,Agender,11/09/1984,94.6
593,nmamwellgg@wiley.com,Nelia,Mamwell,Bigender,08/03/1962,55.99
594,ttimmisgh@linkedin.com,Tarah,Timmis,Male,23/07/1970,59.58
595,jnapletongi@nature.com,Janina,Napleton,Bigender,24/07/1997,66.56
596,mchippgj@ustream.tv,Mabel,Chipp,Female,17/10/1981,80.92
597,wbernettegk@cmu.edu,Winifred,Bernette,Non-binary,21/07/1964,29.48
598,rreggiogl@blog.com,Rawley,Reggio,Female,26/04/1957,18.77
599,ocoghillgm@blogger.com,Ole,Coghill,Female,02/12/1979,44.56
600,bmerchantgn@rediff.com,Bret,Merchant,Female,08/09/1966,5.07
601,fleworthygo@nyu.edu,Frasco,Leworthy,Male,01/11/1987,78.32
602,bbrandlegp@yale.edu,Brandyn,Brandle,Agender,28/05/1964,27.76
603,emilbourngq@chicagotribune.com,Evelyn,Milbourn,Agender,13/01/1972,66.72
604,rtremblaygr@joomla.org,Rudyard,Tremblay,Male,27/04/1951,31.41
605,maltongs@digg.com,Marcie,Alton,Genderfluid,27/05/1989,6.74
606,pmcgraylegt@hibu.com,Pattie,McGrayle,Genderqueer,17/03/1977,88.59
607,mcruftsgu@artisteer.com,Moyna,Crufts,Agender,17/05/1985,36.2
608,ecamillerigv@ft.com,Engelbert,Camilleri,Genderfluid,17/07/1966,98.51
609,jgloyensgw@hud.gov,Joyann,Gloyens,Polygender,25/09/1983,3.43
610,sprimogx@skype.com,Siward,Primo,Male,16/03/1965,58.08
611,bliepinagy@etsy.com,Bartlett,Liepina,Agender,01/03/1984,26.23
612,rcapineergz@webeden.co.uk,Ryan,Capineer,Female,03/08/1958,37.65
613,adescroixh0@gizmodo.com,Albertina,Descroix,Bigender,15/08/1980,53.78
614,jbrasierh1@people.com.cn,Josephina,Brasier,Genderqueer,29/11/1964,88.31
615,lnewarth2@google.fr,Lina,Newart,Genderfluid,11/02/1973,8.23
616,fvescoh3@google.pl,Frances,Vesco,Genderfluid,08/09/1970,1.35
617,bmerriotth4@archive.org,Brenden,Merriott,Agender,24/05/1965,47.02
618,mdalliganh5@livejournal.com,Madelyn,Dalligan,Genderqueer,15/10/1954,36.32
619,atattersfieldh6@jimdo.com,Atlante,Tattersfield,Male,12/05/1983,24.33
620,fandreevh7@oakley.com,Filmore,Andreev,Genderfluid,10/02/1965,12.07
621,jvsanellih8@cbc.ca,Jayme,Vsanelli,Male,27/05/1989,26.32
622,shubandh9@umn.edu,Sophia,Huband,Genderfluid,15/08/1983,24.07
623,llycettha@bbb.org,Latia,Lycett,Genderqueer,05/04/1979,94.88
624,zaldershb@google.com.hk,Zacharia,Alders,Polygender,28/04/1956,90.03
625,wdelaundehc@amazon.com,Whitney,De Launde,Male,16/10/1960,99.23
626,ztryhornhd@usgs.gov,Zara,Tryhorn,Non-binary,02/11/1984,84.04
627,roakehe@qq.com,Retha,Oake,Genderfluid,23/02/1993,44.76
628,okullmannhf@bbc.co.uk,Olag,Kullmann,Genderqueer,14/03/1998,8.62
629,mhelishg@goo.gl,Meggy,Helis,Female,10/03/1996,78.45
630,bgapphh@arstechnica.com,Breanne,Gapp,Genderqueer,09/11/1955,5.19
631,amunslowhi@unblog.fr,Andras,Munslow,Male,24/05/1979,21.51
632,lgoundrillhj@slideshare.net,Larissa,Goundrill,Non-binary,28/10/1963,49.19
633,kcarpehk@amazonaws.com,Kristen,Carpe,Genderqueer,19/01/1981,56.25
634,marsmithhl@elpais.com,Marcella,Arsmith,Non-binary,21/12/1985,96.33
635,gskermerhm@goo.ne.jp,Garreth,Skermer,Genderqueer,08/01/1996,76.17
636,ddorrianhn@aol.com,Darby,Dorrian,Bigender,24/12/1968,88.18
637,oduellho@reference.com,Orazio,Duell,Agender,30/11/1978,75.87
638,cwetwoodhp@harvard.edu,Clea,Wetwood,Male,02/07/1981,56.06
639,pvennarthq@google.com.hk,Penn,Vennart,Male,27/09/1968,89.77
640,bsoothr@blog.com,Benny,Soot,Non-binary,05/08/1985,89.77
641,tperkishs@comcast.net,Tatiania,Perkis,Genderfluid,22/03/1980,71.31
642,dheintzeht@studiopress.com,Doy,Heintze,Female,03/07/1956,25.11
643,ahollymanhu@webnode.com,Ariel,Hollyman,Male,17/04/1990,1.62
644,edanilewiczhv@storify.com,Elnora,Danilewicz,Genderqueer,23/01/1993,9.13
645,aduboishw@com.com,Aldwin,Dubois,Polygender,31/03/1952,41.74
646,dvidgenhx@bbc.co.uk,Dani,Vidgen,Polygender,06/05/1977,62.4
647,sfaheyhy@soundcloud.com,Stacy,Fahey,Agender,14/03/1980,55.87
648,lmalserhz@opera.com,Lynnet,Malser,Agender,13/05/1977,44.23
649,abulloughi0@ocn.ne.jp,Aigneis,Bullough,Bigender,23/05/1980,22.76
650,smcdermidi1@tinyurl.com,Sibyl,Mc Dermid,Non-binary,07/11/1963,23.04
651,dolliari2@goo.gl,Dalenna,Olliar,Genderqueer,08/12/1997,50.43
652,rspicki3@canalblog.com,Rebekah,Spick,Agender,03/08/1973,25.42
653,ntupperi4@fotki.com,Nevsa,Tupper,Male,20/05/1954,52.47
654,tbrazeltoni5@ed.gov,Thorin,Brazelton,Genderfluid,27/06/1959,47.89
655,apattersi6@slashdot.org,Addison,Patters,Polygender,17/09/1966,86.74
656,ecaldayroui7@epa.gov,Esteban,Caldayrou,Bigender,05/01/1964,26.76
657,jtitterelli8@google.it,Joli,Titterell,Non-binary,12/07/1994,10.3
658,gmorei9@last.fm,Grissel,More,Bigender,30/10/1955,47.61
659,zsothamia@house.gov,Zsa zsa,Sotham,Female,18/08/1957,52.91
660,cmolinesib@infoseek.co.jp,Clarie,Molines,Bigender,24/07/1975,75.67
661,dvandevliesic@amazon.co.jp,Delaney,Van de Vlies,Female,26/01/1956,53.91
662,vlangstrathid@paypal.com,Vivian,Langstrath,Genderqueer,12/09/1969,67.52
663,lbillsie@parallels.com,Leicester,Bills,Female,08/07/1972,84.45
664,agreeneif@ycombinator.com,Aleda,Greene,Bigender,13/09/1991,59.72
665,hbiermatowiczig@i2i.jp,Henry,Biermatowicz,Male,11/03/1966,36.83
666,nlubertiih@myspace.com,Nat,Luberti,Agender,18/08/1962,61.24
667,tfraczekii@economist.com,Teodorico,Fraczek,Bigender,01/09/1966,45.88
668,ibendikij@imdb.com,Ingeberg,Bendik,Bigender,11/03/1984,15.77
669,lcollobyik@apple.com,Lincoln,Colloby,Bigender,25/08/1977,24.41
670,tlehreril@alibaba.com,Thorvald,Lehrer,Non-binary,18/11/1971,38.41
671,rroumierim@senate.gov,Rhianna,Roumier,Genderfluid,04/08/1976,10.08
672,sfarressin@irs.gov,Skippie,Farress,Polygender,19/08/1958,75.92
673,zsidesio@smugmug.com,Zebedee,Sides,Agender,24/05/1966,35.28
674,eswendellip@redcross.org,Erinn,Swendell,Bigender,09/01/1987,83.89
675,agoodersiq@china.com.cn,Ahmad,Gooders,Agender,07/02/1966,59.38
676,jlammerichir@cdbaby.com,Jocelyne,Lammerich,Genderfluid,10/04/1988,72.35
677,fchellamis@google.com.au,Francesca,Chellam,Genderqueer,10/10/1959,12.63
678,limlinit@people.com.cn,Lydie,Imlin,Non-binary,27/12/1952,2.37
679,lbyardiu@nhs.uk,Lorne,Byard,Non-binary,24/09/1991,22.35
680,lpapesiv@ihg.com,Laverna,Papes,Female,15/01/1970,84.08
681,cpocklingtoniw@purevolume.com,Cal,Pocklington,Non-binary,25/05/1955,63.29
682,arawlinsix@facebook.com,Alika,Rawlins,Agender,15/11/1996,4.74
683,clewsoniy@nifty.com,Collie,Lewson,Male,27/06/1974,9.87
684,ptasselliz@pbs.org,Pauly,Tassell,Bigender,17/11/1952,99.23
685,rboggishj0@multiply.com,Rich,Boggish,Agender,19/06/1988,89.32
686,dblunnj1@purevolume.com,Deina,Blunn,Agender,18/05/1997,26.76
687,ucrasswellj2@eventbrite.com,Ulrick,Crasswell,Agender,16/11/1997,39.02
688,sfilipchikovj3@ted.com,Susannah,Filipchikov,Bigender,22/10/1987,17.16
689,balloisij4@webeden.co.uk,Baird,Alloisi,Agender,08/09/1957,30.32
690,gbradwellj5@360.cn,Gil,Bradwell,Polygender,29/10/1967,57.33
691,cberteletj6@4shared.com,Chris,Bertelet,Female,20/08/1955,55.19
692,vboldtj7@shop-pro.jp,Veda,Boldt,Female,25/08/1980,80.83
693,iswinburnej8@hp.com,Israel,Swinburne,Polygender,23/11/1975,53.53
694,oradcliffej9@reddit.com,Odelle,Radcliffe,Female,26/12/1971,80.74
695,nsharrattja@sfgate.com,Nicky,Sharratt,Male,24/08/1970,54.14
696,rdaneluttijb@sfgate.com,Randee,Danelutti,Bigender,17/08/1955,12.8
697,acastanedajc@clickbank.net,Ailyn,Castaneda,Bigender,13/09/1962,46.51
698,fmaclarenjd@ted.com,Fredericka,MacLaren,Agender,19/02/1988,99.53
699,gwhathamje@themeforest.net,Gustav,Whatham,Non-binary,12/10/1989,36.3
700,rmcmanamonjf@nasa.gov,Rudiger,McManamon,Genderfluid,04/11/1953,1.58
701,rsanjajg@cbslocal.com,Rock,Sanja,Genderfluid,10/08/1960,81.31
702,fmcglonejh@disqus.com,Farrand,McGlone,Genderfluid,03/11/1966,3.57
703,yheelisji@canalblog.com,Yetty,Heelis,Bigender,27/01/1986,61.86
704,stitmussjj@rambler.ru,Standford,Titmuss,Non-binary,19/04/1951,40.28
705,pclemmensjk@example.com,Patti,Clemmens,Agender,12/10/1990,88.84
706,edalmanjl@irs.gov,Elle,Dalman,Bigender,18/03/1983,61.4
707,gtaylojm@springer.com,Gusty,Taylo,Agender,26/05/1976,13.94
708,selderjn@home.pl,Sharon,Elder,Bigender,15/04/1953,76.06
709,ccommussojo@drupal.org,Christos,Commusso,Agender,25/02/1997,40.46
710,aloftinjp@dmoz.org,Annmaria,Loftin,Genderqueer,18/07/1961,67.78
711,nduddinjq@craigslist.org,Nellie,Duddin,Bigender,02/01/1966,48.93
712,tbenglejr@behance.net,Trip,Bengle,Female,10/12/1952,11.85
713,champjs@parallels.com,Colet,Hamp,Male,24/02/1991,84.34
714,jdenricojt@alexa.com,Jabez,D'Enrico,Female,30/09/1969,67.48
715,dmatonju@about.com,Denny,Maton,Genderqueer,20/03/1993,81.32
716,mdantesiajv@miitbeian.gov.cn,Marianne,Dantesia,Male,05/05/1996,63.59
717,gdawidowskyjw@webeden.co.uk,Gracie,Dawidowsky,Agender,12/06/1997,19.86
718,asibrayjx@storify.com,Avrom,Sibray,Female,14/03/1967,9.69
719,sbewseyjy@studiopress.com,Shelden,Bewsey,Agender,14/12/1963,35.61
720,bibesonjz@google.co.uk,Britta,Ibeson,Genderfluid,18/11/1999,22.62
721,smattiak0@blogger.com,Stephi,Mattia,Agender,08/03/1991,81.62
722,bboldenk1@illinois.edu,Boot,Bolden,Bigender,31/07/1993,17.74
723,edightk2@tumblr.com,Enos,Dight,Genderfluid,07/07/1954,55.83
724,saloshikink3@icio.us,Silva,Aloshikin,Bigender,20/10/1950,65.21
725,jdowk4@google.ca,Judy,Dow,Bigender,06/06/1952,43.29
726,bgeelank5@qq.com,Brena,Geelan,Female,16/05/1972,58.46
727,rschimpkek6@paginegialle.it,Ruthi,Schimpke,Genderqueer,21/01/1984,29.79
728,rperellk7@wikia.com,Rozalin,Perell,Male,12/04/1987,21.98
729,ldilletk8@google.pl,Lee,Dillet,Non-binary,08/09/1968,39.77
730,jakasterk9@weibo.com,Jason,Akaster,Genderfluid,07/10/1977,11.44
731,rumneyka@topsy.com,Rahel,Umney,Female,06/04/1993,51.1
732,eoldkb@bing.com,Eziechiele,Old,Agender,17/12/1959,81.87
733,loxtabykc@is.gd,Lynne,Oxtaby,Genderfluid,04/11/1981,64.01
734,afryettkd@shareasale.com,Amalee,Fryett,Bigender,21/11/1964,69.78
735,tstennetke@businesswire.com,Townsend,Stennet,Male,30/09/1994,71.64
736,anozzoliikf@desdev.cn,Aubree,Nozzolii,Bigender,12/10/1950,44.64
737,blovickkg@shop-pro.jp,Becca,Lovick,Non-binary,15/01/1997,29.27
738,sbottenkh@foxnews.com,Saunder,Botten,Male,05/02/1963,50.33
739,wsmylieki@google.it,Waly,Smylie,Male,28/09/1981,1.35
740,ngeatorkj@ycombinator.com,Nichol,Geator,Bigender,15/01/1959,17.45
741,dlambellkk@unc.edu,Donn,Lambell,Agender,24/08/1970,9.91
742,wfavillkl@feedburner.com,Wanda,Favill,Agender,17/10/1958,24.1
743,pbowhaykm@marriott.com,Penrod,Bowhay,Non-binary,08/01/1979,73.03
744,cgedneykn@nydailynews.com,Cally,Gedney,Genderqueer,23/03/1960,39.62
745,chovendenko@microsoft.com,Catrina,Hovenden,Bigender,23/07/1976,52.53
746,bspraguekp@forbes.com,Berky,Sprague,Polygender,20/06/1994,84.24
747,gweatherhillkq@purevolume.com,Gregg,Weatherhill,Non-binary,01/10/1950,6.08
748,egouleykr@google.es,Everard,Gouley,Genderqueer,31/03/1959,80.31
749,mdevereuxks@mlb.com,Michale,Devereux,Genderfluid,13/08/1995,84.37
750,bplesterkt@uiuc.edu,Betsy,Plester,Bigender,11/01/1989,84.06
751,ketuckku@yellowpages.com,Kaleena,Etuck,Non-binary,07/06/1962,48.59
752,imathesonkv@nydailynews.com,Isadora,Matheson,Bigender,24/12/1986,56.56
753,pdrissellkw@odnoklassniki.ru,Paulita,Drissell,Genderfluid,13/02/1991,79.56
754,bsorrelkx@clickbank.net,Benjy,Sorrel,Non-binary,14/05/1954,75.43
755,cellwoodky@bbc.co.uk,Carmen,Ellwood,Non-binary,05/10/1952,83.0
756,eproudlovekz@domainmarket.com,Enriqueta,Proudlove,Bigender,09/08/1962,76.53
757,eloydl0@scribd.com,Elga,Loyd,Male,06/07/1993,29.43
758,hdelagual1@patch.com,Hildy,Delagua,Bigender,24/09/1982,13.1
759,jdeedesl2@livejournal.com,Jacobo,Deedes,Agender,09/05/1979,73.12
760,mblownl3@jigsy.com,Myrwyn,Blown,Polygender,03/08/1963,43.4
761,ksapirl4@fastcompany.com,Kelci,Sapir,Non-binary,15/03/1968,22.46
762,jabramovicl5@bizjournals.com,Jeni,Abramovic,Genderfluid,22/04/1967,17.54
763,acleavesl6@linkedin.com,Allx,Cleaves,Female,12/07/1950,26.19
764,dugolettil7@networksolutions.com,Debbie,Ugoletti,Female,23/12/1988,69.8
765,abellchamberl8@blinklist.com,Audre,Bellchamber,Female,22/04/1986,1.06
766,vfarressl9@cdc.gov,Valida,Farress,Genderfluid,27/03/1996,66.86
767,rdiboldila@com.com,Reg,Di Boldi,Bigender,28/05/1978,62.32
768,cbrosterlb@usgs.gov,Clarance,Broster,Agender,12/12/1957,83.8
769,njusthamlc@miibeian.gov.cn,Nickie,Justham,Polygender,01/07/1980,47.1
770,zradloffld@ehow.com,Zollie,Radloff,Bigender,11/10/1978,74.23
771,rcottyle@dagondesign.com,Reine,Cotty,Bigender,27/11/1973,64.98
772,ddoughterylf@accuweather.com,Debbie,Doughtery,Male,24/11/1971,18.58
773,ahowleslg@sciencedirect.com,Arch,Howles,Female,10/01/1998,69.09
774,echimentilh@vk.com,Erminie,Chimenti,Agender,27/12/1997,10.75
775,twalpoleli@barnesandnoble.com,Thane,Walpole,Polygender,09/04/1989,91.91
776,bbahdelj@sohu.com,Bartholomeus,Bahde,Male,18/05/1993,23.91
777,erobjentslk@msn.com,Emmott,Robjents,Polygender,11/01/1981,89.34
778,fstuddell@rambler.ru,Fax,Studde,Non-binary,30/07/1969,72.43
779,ekembreylm@topsy.com,Eve,Kembrey,Bigender,22/06/1958,74.95
780,aambrosoniln@washington.edu,Aida,Ambrosoni,Genderqueer,25/12/1979,4.05
781,lgrimditchlo@vkontakte.ru,Lorraine,Grimditch,Male,19/06/1957,68.6
782,tbonnesenlp@usatoday.com,Tedmund,Bonnesen,Genderfluid,27/11/1951,33.0
783,asycamorelq@github.com,Ashlie,Sycamore,Genderfluid,18/03/1965,57.79
784,bbethelllr@toplist.cz,Burty,Bethell,Male,19/03/1985,26.3
785,bstegersls@soundcloud.com,Berty,Stegers,Female,28/11/1972,38.26
786,estockoelt@engadget.com,Edita,Stockoe,Polygender,21/06/1963,45.57
787,ggertzlu@tripadvisor.com,Gloria,Gertz,Bigender,17/06/1972,93.9
788,pbrothertonlv@narod.ru,Paddy,Brotherton,Polygender,15/05/1961,86.72
789,bfreakelw@multiply.com,Brita,Freake,Bigender,04/11/1981,39.9
790,dmulranlx@booking.com,Denys,Mulran,Bigender,05/09/1997,89.35
791,mleefely@forbes.com,Maurise,Leefe,Agender,20/04/1981,72.32
792,acumeslz@toplist.cz,Addison,Cumes,Genderqueer,01/05/1980,65.92
793,aguntonm0@webmd.com,Alfie,Gunton,Genderfluid,26/01/1990,89.23
794,ccastangiam1@bizjournals.com,Cirillo,Castangia,Male,21/08/1955,63.14
795,bsansumm2@miibeian.gov.cn,Burtie,Sansum,Male,04/09/1999,53.63
796,abarnetm3@google.nl,Ally,Barnet,Female,28/11/1961,36.11
797,lmcraveym4@kickstarter.com,Leonelle,McRavey,Genderqueer,27/08/1964,85.97
798,sgerrishm5@fc2.com,Selinda,Gerrish,Bigender,23/09/1953,52.35
799,bmcguineym6@ucsd.edu,Bess,McGuiney,Polygender,11/03/1993,77.36
800,gwederellm7@weebly.com,Garrot,Wederell,Agender,01/12/1963,4.45
801,gbyrkmyrm8@t.co,Gigi,Byrkmyr,Bigender,06/11/1957,9.3
802,pfrippm9@cnbc.com,Piotr,Fripp,Polygender,15/05/1965,92.72
803,pdepkema@berkeley.edu,Pat,Depke,Agender,13/01/1979,77.44
804,jgudginmb@sina.com.cn,Judith,Gudgin,Genderqueer,24/07/1978,47.79
805,kmanthorpemc@networkadvertising.org,Karlik,Manthorpe,Genderqueer,13/08/1972,33.17
806,adoemd@ezinearticles.com,Ario,Doe,Agender,29/01/1980,46.85
807,rwaldockeme@indiatimes.com,Randene,Waldocke,Male,24/09/1954,55.2
808,nlaundonmf@shop-pro.jp,Noelyn,Laundon,Genderfluid,27/08/1987,49.99
809,mdeakinsmg@ebay.com,Muriel,Deakins,Genderfluid,25/02/1956,46.72
810,rtriggmh@google.ru,Raimund,Trigg,Non-binary,21/04/1999,80.29
811,tmcrobbiemi@yelp.com,Tallou,McRobbie,Male,22/02/1956,58.9
812,tholtonmj@nymag.com,Tildy,Holton,Genderqueer,29/09/1986,28.59
813,tlaidlowmk@soundcloud.com,Teirtza,Laidlow,Non-binary,28/08/1958,50.04
814,ntoolanml@jigsy.com,Nelle,Toolan,Female,08/07/1954,19.16
815,ngirodiermm@tumblr.com,Noel,Girodier,Non-binary,29/01/1994,43.3
816,chesselmn@hostgator.com,Crystal,Hessel,Male,12/09/1963,74.47
817,lhaugmo@gnu.org,Letti,Haug,Genderqueer,25/01/2000,48.27
818,mriquetmp@sciencedaily.com,Maria,Riquet,Polygender,12/06/1966,53.27
819,mkettlemq@hexun.com,Minette,Kettle,Female,26/08/1959,20.65
820,nsuddellmr@npr.org,Nicolette,Suddell,Polygender,21/06/1992,31.36
821,fspoorsms@is.gd,Floria,Spoors,Bigender,02/06/1983,46.15
822,tbrekonridgemt@ycombinator.com,Tandi,Brekonridge,Female,16/10/1952,29.02
823,sfrankishmu@microsoft.com,Silvan,Frankish,Non-binary,18/07/1988,9.28
824,obrichammv@hubpages.com,Osborn,Bricham,Bigender,20/02/1995,97.43
825,kdinseymw@uiuc.edu,Kevan,Dinsey,Genderqueer,08/12/1957,47.69
826,cgavinmx@google.com,Carolyn,Gavin,Bigender,01/01/1964,40.55
827,aditchettmy@studiopress.com,Andrea,Ditchett,Genderqueer,18/08/1966,37.09
828,vhandasidemz@wired.com,Viviyan,Handaside,Female,31/05/1966,13.62
829,jramplingn0@cocolog-nifty.com,Jacqueline,Rampling,Non-binary,13/12/1974,49.91
830,mevequotn1@washingtonpost.com,Marleen,Evequot,Male,09/03/1996,81.04
831,khuguevillen2@cnet.com,Karoly,Hugueville,Bigender,19/12/1953,86.96
832,abonifacen3@icio.us,Asa,Boniface,Agender,10/03/1959,52.05
833,bcaldesn4@nymag.com,Bertie,Caldes,Genderfluid,20/10/1997,90.75
834,jcoochn5@slate.com,Janice,Cooch,Genderqueer,23/05/1988,82.27
835,cjerremsn6@github.io,Corbet,Jerrems,Genderfluid,25/04/1990,63.62
836,arobesonn7@google.com.au,Anica,Robeson,Female,30/12/1983,12.33
837,sgrethamn8@archive.org,Sonni,Gretham,Non-binary,09/09/1986,71.32
838,cblasn9@barnesandnoble.com,Camellia,Blas,Genderfluid,20/06/1999,93.62
839,strouelna@unicef.org,Shandy,Trouel,Non-binary,04/12/1972,46.39
840,dromeonb@cpanel.net,Daffie,Romeo,Non-binary,23/08/1984,10.88
841,nheadlandnc@squidoo.com,Nerty,Headland,Genderfluid,11/05/1994,31.77
842,kandellnd@xrea.com,Karin,Andell,Polygender,11/03/1972,82.0
843,kdowtyne@flickr.com,Karlen,Dowty,Agender,09/04/1976,41.21
844,rmaclennannf@edublogs.org,Romola,MacLennan,Polygender,17/03/1991,64.88
845,ksalkildng@1und1.de,Kendal,Salkild,Female,06/11/1995,67.51
846,gibertnh@vinaora.com,Gabriela,Ibert,Female,18/12/1994,96.29
847,lspurdonni@bloomberg.com,Lucienne,Spurdon,Male,14/11/1969,29.79
848,aduffreenj@edublogs.org,Alida,Duffree,Genderfluid,04/11/1967,44.57
849,sfeeknk@constantcontact.com,Shari,Feek,Bigender,04/09/1983,94.15
850,mdunguynl@smugmug.com,Maud,Dunguy,Male,04/12/1984,26.25
851,nsiderynm@twitpic.com,Niko,Sidery,Female,23/09/1995,94.95
852,mvanbrughnn@squidoo.com,Mabel,VanBrugh,Genderfluid,06/03/1992,4.45
853,rdikleno@w3.org,Rebeca,Dikle,Non-binary,05/08/1999,53.67
854,adinisnp@mtv.com,Alejandro,Dinis,Female,25/12/1975,74.67
855,sanannq@eventbrite.com,Sander,Anan,Polygender,26/01/1998,95.76
856,oorumnr@qq.com,Othelia,Orum,Bigender,05/11/1969,22.27
857,gwudelandns@jigsy.com,George,Wudeland,Genderfluid,08/06/1971,14.83
858,xbotfieldnt@eventbrite.com,Xylina,Botfield,Genderqueer,30/10/1987,32.26
859,mhamenu@telegraph.co.uk,Meryl,Hame,Genderfluid,08/12/1990,94.47
860,lalgienv@vistaprint.com,Lemmie,Algie,Female,28/02/1958,6.36
861,ebarnbrooknw@youku.com,Evangelin,Barnbrook,Male,18/12/1989,4.61
862,tkedwellnx@wufoo.com,Tessie,Kedwell,Agender,03/12/1951,88.25
863,rcoitny@epa.gov,Rosalinda,Coit,Non-binary,31/07/1961,46.19
864,bmcgivenanz@geocities.com,Bone,McGivena,Agender,22/09/1996,10.33
865,aoagero0@google.pl,Ally,Oager,Genderqueer,06/10/1979,74.45
866,hhughlino1@sourceforge.net,Hortense,Hughlin,Genderfluid,26/08/1974,8.92
867,iingallo2@toplist.cz,Ingeborg,Ingall,Genderqueer,21/12/1951,92.64
868,sscothorno3@ibm.com,Sayre,Scothorn,Non-binary,19/08/1968,84.11
869,okimmonso4@trellian.com,Oneida,Kimmons,Bigender,27/02/1958,7.54
870,mhuertaso5@dyndns.org,Marinna,Huertas,Genderqueer,14/06/1991,46.62
871,mwreatho6@facebook.com,Madlen,Wreath,Polygender,29/07/1969,85.87
872,amaggiorio7@dailymotion.com,Andra,Maggiori,Polygender,09/06/1970,99.07
873,gfleemano8@clickbank.net,Gawain,Fleeman,Agender,18/11/1970,83.46
874,dskeino9@mozilla.org,Derby,Skein,Genderfluid,27/05/1990,38.35
875,mlawfulloa@umich.edu,Melany,Lawfull,Bigender,13/12/1964,78.48
876,bfarndonob@desdev.cn,Bamby,Farndon,Genderqueer,19/09/1958,57.04
877,ogrolloc@gmpg.org,Olag,Groll,Bigender,25/08/1971,78.54
878,ncheneryod@unc.edu,Nelie,Chenery,Genderqueer,24/12/1994,20.08
879,wshowenoe@netlog.com,Wallache,Showen,Male,29/08/1991,15.48
880,fmellishof@usnews.com,Frankie,Mellish,Agender,16/01/1971,75.52
881,kstarfordog@washingtonpost.com,Kirstin,Starford,Bigender,05/08/1965,55.34
882,blinkletoh@weather.com,Barbi,Linklet,Male,27/01/1957,90.47
883,ptunnooi@squarespace.com,Pierrette,Tunno,Non-binary,12/04/2000,7.22
884,rjedrysikoj@cocolog-nifty.com,Reggi,Jedrysik,Non-binary,24/10/1981,67.75
885,ashinnok@army.mil,Anderson,Shinn,Non-binary,22/04/1984,44.03
886,dvangeffenol@illinois.edu,Dniren,Van Geffen,Genderqueer,12/10/1974,19.42
887,cbentom@cnn.com,Chariot,Bent,Bigender,24/05/1976,58.99
888,amclanachanon@statcounter.com,Adi,McLanachan,Female,09/06/1999,3.9
889,hashpitaloo@msu.edu,Hildagarde,Ashpital,Agender,12/06/1960,89.1
890,tzuckerop@163.com,Tamqrah,Zucker,Genderfluid,27/09/1959,93.12
891,mthodayoq@studiopress.com,Maddalena,Thoday,Female,28/11/1985,14.27
892,bwalkeror@addtoany.com,Bail,Walker,Agender,10/06/1974,87.75
893,mocodihieos@drupal.org,Marigold,O'Codihie,Bigender,02/02/1981,87.17
894,bteffreyot@mozilla.org,Brigid,Teffrey,Genderqueer,29/04/1960,41.06
895,cfrangletonou@geocities.jp,Conni,Frangleton,Agender,07/01/1951,50.54
896,fmccardleov@bing.com,Felicle,McCardle,Genderfluid,22/03/1982,9.91
897,dbredesow@google.com,Danit,Bredes,Male,23/02/1984,38.86
898,hdermotox@time.com,Hattie,Dermot,Bigender,01/10/1957,24.49
899,hmcmichelloy@mozilla.com,Hedvige,McMichell,Non-binary,06/06/1988,22.64
900,acislandoz@cafepress.com,Abie,Cisland,Polygender,16/01/1999,57.53
901,tprimop0@networkadvertising.org,Teresa,Primo,Genderfluid,24/01/1991,42.71
902,istigellp1@constantcontact.com,Irene,Stigell,Genderfluid,04/03/1998,40.41
903,vskermanp2@wikia.com,Vanda,Skerman,Genderfluid,04/04/1972,37.0
904,adevilp3@mapquest.com,Alleen,Devil,Bigender,24/09/1982,85.02
905,ckubicekp4@wp.com,Carlotta,Kubicek,Genderqueer,23/01/2000,82.05
906,mschaumannp5@list-manage.com,Mikey,Schaumann,Female,05/06/1992,91.94
907,ssorensenp6@irs.gov,Skipton,Sorensen,Bigender,26/07/1956,34.27
908,esarathp7@nytimes.com,Erin,Sarath,Polygender,08/03/1988,43.25
909,bsabatinip8@cdbaby.com,Burgess,Sabatini,Bigender,19/02/1993,58.17
910,nmouanp9@ask.com,Nicholas,Mouan,Non-binary,26/04/1986,53.26
911,tmenurepa@hud.gov,Thibaud,Menure,Female,08/07/1954,29.96
912,eriditchpb@smh.com.au,Emanuele,Riditch,Male,06/11/1998,82.02
913,bmaylardpc@jiathis.com,Bertie,Maylard,Agender,17/03/1989,24.44
914,qfrankcompd@soundcloud.com,Queenie,Frankcom,Male,21/08/1980,93.14
915,hcollifordpe@phoca.cz,Harv,Colliford,Bigender,24/06/1963,25.74
916,nbranneypf@narod.ru,Noelle,Branney,Female,14/06/1990,42.34
917,rlyngstedpg@1688.com,Reinaldos,Lyngsted,Non-binary,02/12/1969,27.59
918,mdickonph@fotki.com,Mel,Dickon,Female,21/01/1992,2.93
919,lmcclintonpi@hatena.ne.jp,Leslie,McClinton,Bigender,22/10/1967,83.34
920,msutcliffepj@ow.ly,Marcos,Sutcliffe,Female,24/12/1971,94.06
921,kleonpk@boston.com,Katheryn,Leon,Bigender,10/06/1958,79.12
922,lgallehawkpl@dyndns.org,Lindi,Gallehawk,Bigender,16/07/1988,51.68
923,emaccaripm@ted.com,Erminia,Maccari,Genderfluid,11/07/1987,41.54
924,rdevillepn@weather.com,Rafa,De-Ville,Polygender,09/11/1963,43.48
925,lrossbrookepo@github.com,Lorilee,Rossbrooke,Polygender,14/11/1967,31.21
926,bceaplenpp@hc360.com,Brandon,Ceaplen,Non-binary,19/07/1986,4.93
927,chucklesbypq@printfriendly.com,Charlot,Hucklesby,Female,22/04/1956,65.13
928,jkeddeypr@reuters.com,Jackie,Keddey,Genderfluid,16/03/1983,79.55
929,elumbyps@tuttocitta.it,Etheline,Lumby,Female,14/05/1992,91.73
930,dparleypt@forbes.com,Derry,Parley,Polygender,23/03/1967,56.17
931,harnollpu@ebay.co.uk,Hanny,Arnoll,Genderqueer,17/11/1988,14.38
932,jespinelpv@google.com.au,Jerrold,Espinel,Non-binary,15/08/1963,79.84
933,dbunnellpw@howstuffworks.com,Desi,Bunnell,Non-binary,16/06/1953,60.37
934,ajordinepx@npr.org,Andrus,Jordine,Bigender,21/03/1961,52.62
935,ugleavepy@webmd.com,Ulrica,Gleave,Female,29/12/1978,41.59
936,aitchinghampz@w3.org,Alix,Itchingham,Bigender,09/11/1958,52.28
937,dthayq0@google.es,Daryle,Thay,Bigender,19/09/1967,8.06
938,gcookeq1@techcrunch.com,Gene,Cooke,Genderfluid,13/07/1992,60.86
939,jabeleq2@blogger.com,Jecho,Abele,Polygender,04/10/1959,54.41
940,sstenerq3@tripod.com,Selma,Stener,Bigender,25/05/1996,12.36
941,kallsuppq4@bbb.org,Kaylyn,Allsupp,Bigender,23/05/1981,2.1
942,rthormwellq5@alibaba.com,Romeo,Thormwell,Polygender,18/03/1957,30.25
943,edummerq6@ox.ac.uk,Ermina,Dummer,Female,26/03/1951,85.24
944,ccaustonq7@ebay.com,Clovis,Causton,Genderqueer,08/03/1985,61.16
945,mcorkellq8@ehow.com,Mohandis,Corkell,Bigender,26/03/1990,29.02
946,bcarleq9@nhs.uk,Basile,Carle,Non-binary,29/10/1951,88.08
947,kcamilleriqa@fastcompany.com,Kamilah,Camilleri,Genderfluid,30/04/2000,47.03
948,kgowthropqb@amazon.co.uk,Kristina,Gowthrop,Polygender,11/05/1980,81.34
949,hbaylisqc@chronoengine.com,Hewitt,Baylis,Male,23/02/1966,75.05
950,lkieransqd@privacy.gov.au,Launce,Kierans,Bigender,21/08/1983,12.18
951,aruspineqe@geocities.jp,Arther,Ruspine,Male,03/09/1995,99.23
952,lubanksqf@imageshack.us,Lanie,Ubanks,Agender,23/11/1957,38.04
953,gvanniniqg@blinklist.com,Gabby,Vannini,Polygender,11/10/1973,20.44
954,ghaningtonqh@xing.com,Gerta,Hanington,Male,07/02/1976,21.92
955,pwhaleyqi@thetimes.co.uk,Paquito,Whaley,Female,15/02/1954,67.52
956,tjanodetqj@alexa.com,Tymothy,Janodet,Female,14/01/1977,10.58
957,gstoditqk@opera.com,Genvieve,Stodit,Agender,06/02/1972,86.89
958,lweinql@adobe.com,Lizbeth,Wein,Male,29/04/1985,91.06
959,hbolleyqm@elpais.com,Heda,Bolley,Male,30/03/1999,20.52
960,tlomondqn@businessinsider.com,Thaddeus,Lomond,Polygender,05/04/1997,6.19
961,vsessionsqo@springer.com,Vikky,Sessions,Genderfluid,31/08/1961,2.23
962,mbingleqp@ed.gov,Mei,Bingle,Non-binary,24/04/1969,81.49
963,rcurthoysqq@sphinn.com,Roseann,Curthoys,Agender,07/08/1987,91.05
964,slukeschqr@jalbum.net,Sharyl,Lukesch,Non-binary,11/12/1977,45.55
965,cmaytomqs@census.gov,Charmain,Maytom,Non-binary,13/09/1999,31.4
966,gelionqt@kickstarter.com,Gabrila,Elion,Agender,23/03/1996,28.04
967,sslatterqu@house.gov,Samara,Slatter,Bigender,16/10/1959,63.97
968,bmatusovqv@cmu.edu,Brad,Matusov,Bigender,28/05/1990,71.86
969,gdearthqw@epa.gov,Gerick,Dearth,Polygender,26/07/1961,54.16
970,snormavillqx@wordpress.com,Sheilakathryn,Normavill,Female,08/01/1999,46.64
971,dsommerqy@slashdot.org,Dav,Sommer,Polygender,27/04/1979,60.8
972,wkamienskiqz@github.com,Westley,Kamienski,Non-binary,31/01/1986,96.01
973,cberingerr0@indiegogo.com,Cherise,Beringer,Non-binary,08/02/1959,35.49
974,bsallar1@google.nl,Blithe,Salla,Non-binary,12/03/1985,71.19
975,mmowsleyr2@etsy.com,Matilda,Mowsley,Agender,21/08/1966,70.59
976,jmcconigalr3@hugedomains.com,Jonie,McConigal,Bigender,11/07/1981,33.32
977,rgerrenr4@google.com.au,Rivy,Gerren,Female,16/08/1999,37.27
978,hbrockr5@twitpic.com,Henrieta,Brock,Female,15/09/1959,44.78
979,cartzr6@github.io,Celestina,Artz,Bigender,07/12/1989,58.08
980,rdagnallr7@blogspot.com,Roxi,Dagnall,Bigender,24/03/1960,94.78
981,sheineker8@webnode.com,Shauna,Heineke,Male,09/11/1995,72.48
982,drylstoner9@accuweather.com,Dennis,Rylstone,Non-binary,12/10/1976,53.16
983,cwylltra@themeforest.net,Catlee,Wyllt,Genderfluid,17/01/1994,4.21
984,hropertrb@ask.com,Herbie,Ropert,Male,06/09/1993,7.02
985,lyeamanrc@mozilla.org,Lurlene,Yeaman,Non-binary,11/03/1984,89.4
986,bscholtisrd@yellowbook.com,Brod,Scholtis,Bigender,07/07/1982,81.89
987,vclilverdre@ft.com,Violet,Clilverd,Genderfluid,02/07/1995,99.26
988,fgarthshorerf@europa.eu,Fallon,Garthshore,Female,17/05/1990,78.93
989,fvanninirg@domainmarket.com,Fawne,Vannini,Genderqueer,18/03/1986,18.31
990,cwalentynowiczrh@java.com,Coleman,Walentynowicz,Polygender,04/04/1995,27.17
991,aconnewri@trellian.com,Adelice,Connew,Genderqueer,04/07/1987,79.7
992,tmcadamrj@cdc.gov,Torie,McAdam,Non-binary,05/08/1986,7.03
993,odarracottrk@mediafire.com,Olivia,Darracott,Female,29/08/1973,65.1
994,vfitzsymonrl@nymag.com,Vi,Fitzsymon,Genderfluid,11/04/1978,77.38
995,jweetchrm@ihg.com,Jody,Weetch,Genderqueer,27/11/1988,26.2
996,kpriddiern@tripadvisor.com,Kayne,Priddie,Genderfluid,14/03/1974,49.74
997,hcoxwellro@ning.com,Hal,Coxwell,Genderfluid,14/01/1966,71.03
998,ccorbyrp@patch.com,Con,Corby,Non-binary,20/03/1952,2.16
999,avedikhovrq@hao123.com,Anjanette,Vedikhov,Agender,18/08/1997,44.39
1000,elivingstonerr@alexa.com,Eustacia,Livingstone,Female,15/09/1992,84.77
